Company,ATS,Slug
Stripe,Greenhouse,stripe
Notion,Greenhouse,notion
Datadog,Greenhouse,datadog
Cloudflare,Greenhouse,cloudflare
Hashicorp,Greenhouse,hashicorp
Gitlab,Greenhouse,gitlab
Openai,Greenhouse,openai
Discord,Greenhouse,discord
Figma,Greenhouse,figma
Airtable,Greenhouse,airtable
Robinhood,Greenhouse,robinhood
Brex,Greenhouse,brex
Plaid,Greenhouse,plaid
Instacart,Greenhouse,instacart
Coinbase,Greenhouse,coinbase
Dropbox,Greenhouse,dropbox
Affirm,Greenhouse,affirm
Asana,Greenhouse,asana
Intercom,Greenhouse,intercom
Twilio,Greenhouse,twilio
Elastic,Greenhouse,elastic
Docker,Greenhouse,docker
Digitalocean,Greenhouse,digitalocean
Databricks,Greenhouse,databricks
Snowflake,Greenhouse,snowflake
Segment,Greenhouse,segment
Zapier,Greenhouse,zapier
Wise,Greenhouse,wise
Shopify,Greenhouse,shopify
Canva,Greenhouse,canva
Reddit,Greenhouse,reddit
Rippling,Greenhouse,rippling
Pinterest,Greenhouse,pinterest
Scaleai,Greenhouse,scaleai
Yelp,Greenhouse,yelp
Lyft,Greenhouse,lyft
Uber,Greenhouse,uber
Doordash,Greenhouse,doordash
Github,Greenhouse,github
Stackadapt,Greenhouse,stackadapt
Benchling,Greenhouse,benchling
Mural,Greenhouse,mural
Skydio,Greenhouse,skydio
Gusto,Greenhouse,gusto
Bench,Greenhouse,bench
Bitgo,Greenhouse,bitgo
Blockdaemon,Greenhouse,blockdaemon
Samsara,Greenhouse,samsara
Checkr,Greenhouse,checkr
Coursera,Greenhouse,coursera
Apollo,Greenhouse,apollo
Algolia,Greenhouse,algolia
Grammarly,Greenhouse,grammarly
Loom,Greenhouse,loom
Shopify,Lever,shopify
Circleci,Lever,circleci
Digitalocean,Lever,digitalocean
Segment,Lever,segment
Zapier,Lever,zapier
Atlassian,Lever,atlassian
Buffer,Lever,buffer
Postman,Lever,postman
Sourcegraph,Lever,sourcegraph
Netlify,Lever,netlify
Vercel,Lever,vercel
Supabase,Lever,supabase
Render,Lever,render
Replit,Lever,replit
Planetscale,Lever,planetscale
Coder,Lever,coder
Temporal,Lever,temporal
Flyio,Lever,flyio
Prefect,Lever,prefect
Railway,Lever,railway
Hashnode,Lever,hashnode
Mattermost,Lever,mattermost
Konghq,Lever,konghq
Kong,Lever,kong
Airbyte,Lever,airbyte
Dbt,Lever,dbt
Lightstep,Lever,lightstep
Pulumi,Lever,pulumi
Temporalio,Lever,temporalio
Snyk,Lever,snyk
Apollo,Lever,apollo
Calendly,Lever,calendly
Retool,Lever,retool
Linear,Lever,linear
Mux,Lever,mux
Browserstack,Lever,browserstack
Chargebee,Lever,chargebee
Freshworks,Lever,freshworks
Clevertap,Lever,clevertap
Stripe,Greenhouse,stripe
Notion,Greenhouse,notion
Datadog,Greenhouse,datadog
Cloudflare,Greenhouse,cloudflare
Hashicorp,Greenhouse,hashicorp
Gitlab,Greenhouse,gitlab
Openai,Greenhouse,openai
Discord,Greenhouse,discord
Figma,Greenhouse,figma
Airtable,Greenhouse,airtable
Robinhood,Greenhouse,robinhood
Brex,Greenhouse,brex
Plaid,Greenhouse,plaid
Instacart,Greenhouse,instacart
Coinbase,Greenhouse,coinbase
Dropbox,Greenhouse,dropbox
Affirm,Greenhouse,affirm
Asana,Greenhouse,asana
Intercom,Greenhouse,intercom
Twilio,Greenhouse,twilio
Elastic,Greenhouse,elastic
Docker,Greenhouse,docker
Digitalocean,Greenhouse,digitalocean
Databricks,Greenhouse,databricks
Snowflake,Greenhouse,snowflake
Segment,Greenhouse,segment
Zapier,Greenhouse,zapier
Wise,Greenhouse,wise
Shopify,Greenhouse,shopify
Canva,Greenhouse,canva
Reddit,Greenhouse,reddit
Rippling,Greenhouse,rippling
Pinterest,Greenhouse,pinterest
Scaleai,Greenhouse,scaleai
Yelp,Greenhouse,yelp
Lyft,Greenhouse,lyft
Uber,Greenhouse,uber
Doordash,Greenhouse,doordash
Github,Greenhouse,github
Stackadapt,Greenhouse,stackadapt
Benchling,Greenhouse,benchling
Mural,Greenhouse,mural
Skydio,Greenhouse,skydio
Gusto,Greenhouse,gusto
Bench,Greenhouse,bench
Bitgo,Greenhouse,bitgo
Blockdaemon,Greenhouse,blockdaemon
Samsara,Greenhouse,samsara
Checkr,Greenhouse,checkr
Coursera,Greenhouse,coursera
Apollo,Greenhouse,apollo
Algolia,Greenhouse,algolia
Grammarly,Greenhouse,grammarly
Loom,Greenhouse,loom
Shopify,Lever,shopify
Circleci,Lever,circleci
Digitalocean,Lever,digitalocean
Segment,Lever,segment
Zapier,Lever,zapier
Atlassian,Lever,atlassian
Buffer,Lever,buffer
Postman,Lever,postman
Sourcegraph,Lever,sourcegraph
Netlify,Lever,netlify
Vercel,Lever,vercel
Supabase,Lever,supabase
Render,Lever,render
Replit,Lever,replit
Planetscale,Lever,planetscale
Coder,Lever,coder
Temporal,Lever,temporal
Flyio,Lever,flyio
Prefect,Lever,prefect
Railway,Lever,railway
Hashnode,Lever,hashnode
Mattermost,Lever,mattermost
Konghq,Lever,konghq
Kong,Lever,kong
Airbyte,Lever,airbyte
Dbt,Lever,dbt
Lightstep,Lever,lightstep
Pulumi,Lever,pulumi
Temporalio,Lever,temporalio
Snyk,Lever,snyk
Apollo,Lever,apollo
Calendly,Lever,calendly
Retool,Lever,retool
Linear,Lever,linear
Mux,Lever,mux
Browserstack,Lever,browserstack
Chargebee,Lever,chargebee
Freshworks,Lever,freshworks
Clevertap,Lever,clevertap
Stripe,Greenhouse,stripe
Notion,Greenhouse,notion
Datadog,Greenhouse,datadog
Cloudflare,Greenhouse,cloudflare
Hashicorp,Greenhouse,hashicorp
Gitlab,Greenhouse,gitlab
Openai,Greenhouse,openai
Discord,Greenhouse,discord
Figma,Greenhouse,figma
Airtable,Greenhouse,airtable
Robinhood,Greenhouse,robinhood
Brex,Greenhouse,brex
Plaid,Greenhouse,plaid
Instacart,Greenhouse,instacart
Coinbase,Greenhouse,coinbase
Dropbox,Greenhouse,dropbox
Affirm,Greenhouse,affirm
Asana,Greenhouse,asana
Intercom,Greenhouse,intercom
Twilio,Greenhouse,twilio
Elastic,Greenhouse,elastic
Docker,Greenhouse,docker
Digitalocean,Greenhouse,digitalocean
Databricks,Greenhouse,databricks
Snowflake,Greenhouse,snowflake
Segment,Greenhouse,segment
Zapier,Greenhouse,zapier
Wise,Greenhouse,wise
Shopify,Greenhouse,shopify
Canva,Greenhouse,canva
Reddit,Greenhouse,reddit
Rippling,Greenhouse,rippling
Pinterest,Greenhouse,pinterest
Scaleai,Greenhouse,scaleai
Yelp,Greenhouse,yelp
Lyft,Greenhouse,lyft
Uber,Greenhouse,uber
Doordash,Greenhouse,doordash
Github,Greenhouse,github
Stackadapt,Greenhouse,stackadapt
Benchling,Greenhouse,benchling
Mural,Greenhouse,mural
Skydio,Greenhouse,skydio
Gusto,Greenhouse,gusto
Bench,Greenhouse,bench
Bitgo,Greenhouse,bitgo
Blockdaemon,Greenhouse,blockdaemon
Samsara,Greenhouse,samsara
Checkr,Greenhouse,checkr
Coursera,Greenhouse,coursera
Apollo,Greenhouse,apollo
Algolia,Greenhouse,algolia
Grammarly,Greenhouse,grammarly
Loom,Greenhouse,loom
Shopify,Lever,shopify
Circleci,Lever,circleci
Digitalocean,Lever,digitalocean
Segment,Lever,segment
Zapier,Lever,zapier
Atlassian,Lever,atlassian
Buffer,Lever,buffer
Postman,Lever,postman
Sourcegraph,Lever,sourcegraph
Netlify,Lever,netlify
Vercel,Lever,vercel
Supabase,Lever,supabase
Render,Lever,render
Replit,Lever,replit
Planetscale,Lever,planetscale
Coder,Lever,coder
Temporal,Lever,temporal
Flyio,Lever,flyio
Prefect,Lever,prefect
Railway,Lever,railway
Hashnode,Lever,hashnode
Mattermost,Lever,mattermost
Konghq,Lever,konghq
Kong,Lever,kong
Airbyte,Lever,airbyte
Dbt,Lever,dbt
Lightstep,Lever,lightstep
Pulumi,Lever,pulumi
Temporalio,Lever,temporalio
Snyk,Lever,snyk
Apollo,Lever,apollo
Calendly,Lever,calendly
Retool,Lever,retool
Linear,Lever,linear
Mux,Lever,mux
Browserstack,Lever,browserstack
Chargebee,Lever,chargebee
Freshworks,Lever,freshworks
Clevertap,Lever,clevertap
Stripe,Greenhouse,stripe
Notion,Greenhouse,notion
Datadog,Greenhouse,datadog
Cloudflare,Greenhouse,cloudflare
Hashicorp,Greenhouse,hashicorp
Gitlab,Greenhouse,gitlab
Openai,Greenhouse,openai
Discord,Greenhouse,discord
Figma,Greenhouse,figma
Airtable,Greenhouse,airtable
Robinhood,Greenhouse,robinhood
Brex,Greenhouse,brex
Plaid,Greenhouse,plaid
Instacart,Greenhouse,instacart
Coinbase,Greenhouse,coinbase
Dropbox,Greenhouse,dropbox
Affirm,Greenhouse,affirm
Asana,Greenhouse,asana
Intercom,Greenhouse,intercom
Twilio,Greenhouse,twilio
Elastic,Greenhouse,elastic
Docker,Greenhouse,docker
Digitalocean,Greenhouse,digitalocean
Databricks,Greenhouse,databricks
Snowflake,Greenhouse,snowflake
Segment,Greenhouse,segment
Zapier,Greenhouse,zapier
Wise,Greenhouse,wise
Shopify,Greenhouse,shopify
Canva,Greenhouse,canva
Reddit,Greenhouse,reddit
Rippling,Greenhouse,rippling
Pinterest,Greenhouse,pinterest
Scaleai,Greenhouse,scaleai
Yelp,Greenhouse,yelp
Lyft,Greenhouse,lyft
Uber,Greenhouse,uber
Doordash,Greenhouse,doordash
Github,Greenhouse,github
Stackadapt,Greenhouse,stackadapt
Benchling,Greenhouse,benchling
Mural,Greenhouse,mural
Skydio,Greenhouse,skydio
Gusto,Greenhouse,gusto
Bench,Greenhouse,bench
Bitgo,Greenhouse,bitgo
Blockdaemon,Greenhouse,blockdaemon
Samsara,Greenhouse,samsara
Checkr,Greenhouse,checkr
Coursera,Greenhouse,coursera
Apollo,Greenhouse,apollo
Algolia,Greenhouse,algolia
Grammarly,Greenhouse,grammarly
Loom,Greenhouse,loom
Shopify,Lever,shopify
Circleci,Lever,circleci
Digitalocean,Lever,digitalocean
Segment,Lever,segment
Zapier,Lever,zapier
Atlassian,Lever,atlassian
Buffer,Lever,buffer
Postman,Lever,postman
Sourcegraph,Lever,sourcegraph
Netlify,Lever,netlify
Vercel,Lever,vercel
Supabase,Lever,supabase
Render,Lever,render
Replit,Lever,replit
Planetscale,Lever,planetscale
Coder,Lever,coder
Temporal,Lever,temporal
Flyio,Lever,flyio
Prefect,Lever,prefect
Railway,Lever,railway
Hashnode,Lever,hashnode
Mattermost,Lever,mattermost
Konghq,Lever,konghq
Kong,Lever,kong
Airbyte,Lever,airbyte
Dbt,Lever,dbt
Lightstep,Lever,lightstep
Pulumi,Lever,pulumi
Temporalio,Lever,temporalio
Snyk,Lever,snyk
Apollo,Lever,apollo
Calendly,Lever,calendly
Retool,Lever,retool
Linear,Lever,linear
Mux,Lever,mux
Browserstack,Lever,browserstack
Chargebee,Lever,chargebee
Freshworks,Lever,freshworks
Clevertap,Lever,clevertap
Stripe,Greenhouse,stripe
Notion,Greenhouse,notion
Datadog,Greenhouse,datadog
Cloudflare,Greenhouse,cloudflare
Hashicorp,Greenhouse,hashicorp
Gitlab,Greenhouse,gitlab
Openai,Greenhouse,openai
Discord,Greenhouse,discord
Figma,Greenhouse,figma
Airtable,Greenhouse,airtable
Robinhood,Greenhouse,robinhood
Brex,Greenhouse,brex
Plaid,Greenhouse,plaid
Instacart,Greenhouse,instacart
Coinbase,Greenhouse,coinbase
Dropbox,Greenhouse,dropbox
Affirm,Greenhouse,affirm
Asana,Greenhouse,asana
Intercom,Greenhouse,intercom
Twilio,Greenhouse,twilio
Elastic,Greenhouse,elastic
Docker,Greenhouse,docker
Digitalocean,Greenhouse,digitalocean
Databricks,Greenhouse,databricks
Snowflake,Greenhouse,snowflake
Segment,Greenhouse,segment
Zapier,Greenhouse,zapier
Wise,Greenhouse,wise
Shopify,Greenhouse,shopify
Canva,Greenhouse,canva
Reddit,Greenhouse,reddit
Rippling,Greenhouse,rippling
Pinterest,Greenhouse,pinterest
Scaleai,Greenhouse,scaleai
Yelp,Greenhouse,yelp
Lyft,Greenhouse,lyft
Uber,Greenhouse,uber
Doordash,Greenhouse,doordash
Github,Greenhouse,github
Stackadapt,Greenhouse,stackadapt
Benchling,Greenhouse,benchling
Mural,Greenhouse,mural
Skydio,Greenhouse,skydio
Gusto,Greenhouse,gusto
Bench,Greenhouse,bench
Bitgo,Greenhouse,bitgo
Blockdaemon,Greenhouse,blockdaemon
Samsara,Greenhouse,samsara
Checkr,Greenhouse,checkr
Coursera,Greenhouse,coursera
Apollo,Greenhouse,apollo
Algolia,Greenhouse,algolia
Grammarly,Greenhouse,grammarly
Loom,Greenhouse,loom
Shopify,Lever,shopify
Circleci,Lever,circleci
Digitalocean,Lever,digitalocean
Segment,Lever,segment
Zapier,Lever,zapier
Atlassian,Lever,atlassian
Buffer,Lever,buffer
Postman,Lever,postman
Sourcegraph,Lever,sourcegraph
Netlify,Lever,netlify
Vercel,Lever,vercel
Supabase,Lever,supabase
Render,Lever,render
Replit,Lever,replit
Planetscale,Lever,planetscale
Coder,Lever,coder
Temporal,Lever,temporal
Flyio,Lever,flyio
Prefect,Lever,prefect
Railway,Lever,railway
Hashnode,Lever,hashnode
Mattermost,Lever,mattermost
Konghq,Lever,konghq
Kong,Lever,kong
Airbyte,Lever,airbyte
Dbt,Lever,dbt
Lightstep,Lever,lightstep
Pulumi,Lever,pulumi
Temporalio,Lever,temporalio
Snyk,Lever,snyk
Apollo,Lever,apollo
Calendly,Lever,calendly
Retool,Lever,retool
Linear,Lever,linear
Mux,Lever,mux
Browserstack,Lever,browserstack
Chargebee,Lever,chargebee
Freshworks,Lever,freshworks
Clevertap,Lever,clevertap
Stripe,Greenhouse,stripe
Notion,Greenhouse,notion
Datadog,Greenhouse,datadog
Cloudflare,Greenhouse,cloudflare
Hashicorp,Greenhouse,hashicorp
Gitlab,Greenhouse,gitlab
Openai,Greenhouse,openai
Discord,Greenhouse,discord
Figma,Greenhouse,figma
Airtable,Greenhouse,airtable
Robinhood,Greenhouse,robinhood
Brex,Greenhouse,brex
Plaid,Greenhouse,plaid
Instacart,Greenhouse,instacart
Coinbase,Greenhouse,coinbase
Dropbox,Greenhouse,dropbox
Affirm,Greenhouse,affirm
Asana,Greenhouse,asana
Intercom,Greenhouse,intercom
Twilio,Greenhouse,twilio
Elastic,Greenhouse,elastic
Docker,Greenhouse,docker
Digitalocean,Greenhouse,digitalocean
Databricks,Greenhouse,databricks
Snowflake,Greenhouse,snowflake
Segment,Greenhouse,segment
Zapier,Greenhouse,zapier
Wise,Greenhouse,wise
Shopify,Greenhouse,shopify
Canva,Greenhouse,canva
Reddit,Greenhouse,reddit
Rippling,Greenhouse,rippling
Pinterest,Greenhouse,pinterest
Scaleai,Greenhouse,scaleai
Yelp,Greenhouse,yelp
Lyft,Greenhouse,lyft
Uber,Greenhouse,uber
Doordash,Greenhouse,doordash
Github,Greenhouse,github
Stackadapt,Greenhouse,stackadapt
Benchling,Greenhouse,benchling
Mural,Greenhouse,mural
Skydio,Greenhouse,skydio
Gusto,Greenhouse,gusto
Bench,Greenhouse,bench
Bitgo,Greenhouse,bitgo
Blockdaemon,Greenhouse,blockdaemon
Samsara,Greenhouse,samsara
Checkr,Greenhouse,checkr
Coursera,Greenhouse,coursera
Apollo,Greenhouse,apollo
Algolia,Greenhouse,algolia
Grammarly,Greenhouse,grammarly
Loom,Greenhouse,loom
Shopify,Lever,shopify
Circleci,Lever,circleci
Digitalocean,Lever,digitalocean
Segment,Lever,segment
Zapier,Lever,zapier
Atlassian,Lever,atlassian
Buffer,Lever,buffer
Postman,Lever,postman
Sourcegraph,Lever,sourcegraph
Netlify,Lever,netlify
Vercel,Lever,vercel
Supabase,Lever,supabase
Render,Lever,render
Replit,Lever,replit
Planetscale,Lever,planetscale
Coder,Lever,coder
Temporal,Lever,temporal
Flyio,Lever,flyio
Prefect,Lever,prefect
Railway,Lever,railway
Hashnode,Lever,hashnode
Mattermost,Lever,mattermost
Konghq,Lever,konghq
Kong,Lever,kong
Airbyte,Lever,airbyte
Dbt,Lever,dbt
Lightstep,Lever,lightstep
Pulumi,Lever,pulumi
Temporalio,Lever,temporalio
Snyk,Lever,snyk
Apollo,Lever,apollo
Calendly,Lever,calendly
Retool,Lever,retool
Linear,Lever,linear
Mux,Lever,mux
Browserstack,Lever,browserstack
Chargebee,Lever,chargebee
Freshworks,Lever,freshworks
Clevertap,Lever,clevertap
Stripe,Greenhouse,stripe
Notion,Greenhouse,notion
Datadog,Greenhouse,datadog
Cloudflare,Greenhouse,cloudflare
Hashicorp,Greenhouse,hashicorp
Gitlab,Greenhouse,gitlab
Openai,Greenhouse,openai
Discord,Greenhouse,discord
Figma,Greenhouse,figma
Airtable,Greenhouse,airtable
Robinhood,Greenhouse,robinhood
Brex,Greenhouse,brex
Plaid,Greenhouse,plaid
Instacart,Greenhouse,instacart
Coinbase,Greenhouse,coinbase
Dropbox,Greenhouse,dropbox
Affirm,Greenhouse,affirm
Asana,Greenhouse,asana
Intercom,Greenhouse,intercom
Twilio,Greenhouse,twilio
Elastic,Greenhouse,elastic
Docker,Greenhouse,docker
Digitalocean,Greenhouse,digitalocean
Databricks,Greenhouse,databricks
Snowflake,Greenhouse,snowflake
Segment,Greenhouse,segment
Zapier,Greenhouse,zapier
Wise,Greenhouse,wise
Shopify,Greenhouse,shopify
Canva,Greenhouse,canva
Reddit,Greenhouse,reddit
Rippling,Greenhouse,rippling
Pinterest,Greenhouse,pinterest
Scaleai,Greenhouse,scaleai
Yelp,Greenhouse,yelp
Lyft,Greenhouse,lyft
Uber,Greenhouse,uber
Doordash,Greenhouse,doordash
Github,Greenhouse,github
Stackadapt,Greenhouse,stackadapt
Benchling,Greenhouse,benchling
Mural,Greenhouse,mural
Skydio,Greenhouse,skydio
Gusto,Greenhouse,gusto
Bench,Greenhouse,bench
Bitgo,Greenhouse,bitgo
Blockdaemon,Greenhouse,blockdaemon
Samsara,Greenhouse,samsara
Checkr,Greenhouse,checkr
Coursera,Greenhouse,coursera
Apollo,Greenhouse,apollo
Algolia,Greenhouse,algolia
Grammarly,Greenhouse,grammarly
Loom,Greenhouse,loom
Shopify,Lever,shopify
Circleci,Lever,circleci
Digitalocean,Lever,digitalocean
Segment,Lever,segment
Zapier,Lever,zapier
Atlassian,Lever,atlassian
Buffer,Lever,buffer
Postman,Lever,postman
Sourcegraph,Lever,sourcegraph
Netlify,Lever,netlify
Vercel,Lever,vercel
Supabase,Lever,supabase
Render,Lever,render
Replit,Lever,replit
Planetscale,Lever,planetscale
Coder,Lever,coder
Temporal,Lever,temporal
Flyio,Lever,flyio
Prefect,Lever,prefect
Railway,Lever,railway
Hashnode,Lever,hashnode
Mattermost,Lever,mattermost
Konghq,Lever,konghq
Kong,Lever,kong
Airbyte,Lever,airbyte
Dbt,Lever,dbt
Lightstep,Lever,lightstep
Pulumi,Lever,pulumi
Temporalio,Lever,temporalio
Snyk,Lever,snyk
Apollo,Lever,apollo
Calendly,Lever,calendly
Retool,Lever,retool
Linear,Lever,linear
Mux,Lever,mux
Browserstack,Lever,browserstack
Chargebee,Lever,chargebee
Freshworks,Lever,freshworks
Clevertap,Lever,clevertap
Stripe,Greenhouse,stripe
Notion,Greenhouse,notion
Datadog,Greenhouse,datadog
Cloudflare,Greenhouse,cloudflare
Hashicorp,Greenhouse,hashicorp
Gitlab,Greenhouse,gitlab
Openai,Greenhouse,openai
Discord,Greenhouse,discord
Figma,Greenhouse,figma
Airtable,Greenhouse,airtable
Robinhood,Greenhouse,robinhood
Brex,Greenhouse,brex
Plaid,Greenhouse,plaid
Instacart,Greenhouse,instacart
Coinbase,Greenhouse,coinbase
Dropbox,Greenhouse,dropbox
Affirm,Greenhouse,affirm
Asana,Greenhouse,asana
Intercom,Greenhouse,intercom
Twilio,Greenhouse,twilio
Elastic,Greenhouse,elastic
Docker,Greenhouse,docker
Digitalocean,Greenhouse,digitalocean
Databricks,Greenhouse,databricks
Snowflake,Greenhouse,snowflake
Segment,Greenhouse,segment
Zapier,Greenhouse,zapier
Wise,Greenhouse,wise
Shopify,Greenhouse,shopify
Canva,Greenhouse,canva
Reddit,Greenhouse,reddit
Rippling,Greenhouse,rippling
Pinterest,Greenhouse,pinterest
Scaleai,Greenhouse,scaleai
Yelp,Greenhouse,yelp
Lyft,Greenhouse,lyft
Uber,Greenhouse,uber
Doordash,Greenhouse,doordash
Github,Greenhouse,github
Stackadapt,Greenhouse,stackadapt
Benchling,Greenhouse,benchling
Mural,Greenhouse,mural
Skydio,Greenhouse,skydio
Gusto,Greenhouse,gusto
Bench,Greenhouse,bench
Bitgo,Greenhouse,bitgo
Blockdaemon,Greenhouse,blockdaemon
Samsara,Greenhouse,samsara
Checkr,Greenhouse,checkr
Coursera,Greenhouse,coursera
Apollo,Greenhouse,apollo
Algolia,Greenhouse,algolia
Grammarly,Greenhouse,grammarly
Loom,Greenhouse,loom
Shopify,Lever,shopify
Circleci,Lever,circleci
Digitalocean,Lever,digitalocean
Segment,Lever,segment
Zapier,Lever,zapier
Atlassian,Lever,atlassian
Buffer,Lever,buffer
Postman,Lever,postman
Sourcegraph,Lever,sourcegraph
Netlify,Lever,netlify
Vercel,Lever,vercel
Supabase,Lever,supabase
Render,Lever,render
Replit,Lever,replit
Planetscale,Lever,planetscale
Coder,Lever,coder
Temporal,Lever,temporal
Flyio,Lever,flyio
Prefect,Lever,prefect
Railway,Lever,railway
Hashnode,Lever,hashnode
Mattermost,Lever,mattermost
Konghq,Lever,konghq
Kong,Lever,kong
Airbyte,Lever,airbyte
Dbt,Lever,dbt
Lightstep,Lever,lightstep
Pulumi,Lever,pulumi
Temporalio,Lever,temporalio
Snyk,Lever,snyk
Apollo,Lever,apollo
Calendly,Lever,calendly
Retool,Lever,retool
Linear,Lever,linear
Mux,Lever,mux
Browserstack,Lever,browserstack
Chargebee,Lever,chargebee
Freshworks,Lever,freshworks
Clevertap,Lever,clevertap
Stripe,Greenhouse,stripe
Notion,Greenhouse,notion
Datadog,Greenhouse,datadog
Cloudflare,Greenhouse,cloudflare
Hashicorp,Greenhouse,hashicorp
Gitlab,Greenhouse,gitlab
Openai,Greenhouse,openai
Discord,Greenhouse,discord
Figma,Greenhouse,figma
Airtable,Greenhouse,airtable
Robinhood,Greenhouse,robinhood
Brex,Greenhouse,brex
Plaid,Greenhouse,plaid
Instacart,Greenhouse,instacart
Coinbase,Greenhouse,coinbase
Dropbox,Greenhouse,dropbox
Affirm,Greenhouse,affirm
Asana,Greenhouse,asana
Intercom,Greenhouse,intercom
Twilio,Greenhouse,twilio
Elastic,Greenhouse,elastic
Docker,Greenhouse,docker
Digitalocean,Greenhouse,digitalocean
Databricks,Greenhouse,databricks
Snowflake,Greenhouse,snowflake
Segment,Greenhouse,segment
Zapier,Greenhouse,zapier
Wise,Greenhouse,wise
Shopify,Greenhouse,shopify
Canva,Greenhouse,canva
Reddit,Greenhouse,reddit
Rippling,Greenhouse,rippling
Pinterest,Greenhouse,pinterest
Scaleai,Greenhouse,scaleai
Yelp,Greenhouse,yelp
Lyft,Greenhouse,lyft
Uber,Greenhouse,uber
Doordash,Greenhouse,doordash
Github,Greenhouse,github
Stackadapt,Greenhouse,stackadapt
Benchling,Greenhouse,benchling
Mural,Greenhouse,mural
Skydio,Greenhouse,skydio
Gusto,Greenhouse,gusto
Bench,Greenhouse,bench
Bitgo,Greenhouse,bitgo
Blockdaemon,Greenhouse,blockdaemon
Samsara,Greenhouse,samsara
Checkr,Greenhouse,checkr
Coursera,Greenhouse,coursera
Apollo,Greenhouse,apollo
Algolia,Greenhouse,algolia
Grammarly,Greenhouse,grammarly
Loom,Greenhouse,loom
Shopify,Lever,shopify
Circleci,Lever,circleci
Digitalocean,Lever,digitalocean
Segment,Lever,segment
Zapier,Lever,zapier
Atlassian,Lever,atlassian
Buffer,Lever,buffer
Postman,Lever,postman
Sourcegraph,Lever,sourcegraph
Netlify,Lever,netlify
Vercel,Lever,vercel
Supabase,Lever,supabase
Render,Lever,render
Replit,Lever,replit
Planetscale,Lever,planetscale
Coder,Lever,coder
Temporal,Lever,temporal
Flyio,Lever,flyio
Prefect,Lever,prefect
Railway,Lever,railway
Hashnode,Lever,hashnode
Mattermost,Lever,mattermost
Konghq,Lever,konghq
Kong,Lever,kong
Airbyte,Lever,airbyte
Dbt,Lever,dbt
Lightstep,Lever,lightstep
Pulumi,Lever,pulumi
Temporalio,Lever,temporalio
Snyk,Lever,snyk
Apollo,Lever,apollo
Calendly,Lever,calendly
Retool,Lever,retool
Linear,Lever,linear
Mux,Lever,mux
Browserstack,Lever,browserstack
Chargebee,Lever,chargebee
Freshworks,Lever,freshworks
Clevertap,Lever,clevertap
Stripe,Greenhouse,stripe
Notion,Greenhouse,notion
Datadog,Greenhouse,datadog
Cloudflare,Greenhouse,cloudflare
Hashicorp,Greenhouse,hashicorp
Gitlab,Greenhouse,gitlab
Openai,Greenhouse,openai
Discord,Greenhouse,discord
Figma,Greenhouse,figma
Airtable,Greenhouse,airtable
Robinhood,Greenhouse,robinhood
Brex,Greenhouse,brex
Plaid,Greenhouse,plaid
Instacart,Greenhouse,instacart
Coinbase,Greenhouse,coinbase
Dropbox,Greenhouse,dropbox
Affirm,Greenhouse,affirm
Asana,Greenhouse,asana
Intercom,Greenhouse,intercom
Twilio,Greenhouse,twilio
Elastic,Greenhouse,elastic
Docker,Greenhouse,docker
Digitalocean,Greenhouse,digitalocean
Databricks,Greenhouse,databricks
Snowflake,Greenhouse,snowflake
Segment,Greenhouse,segment
Zapier,Greenhouse,zapier
Wise,Greenhouse,wise
Shopify,Greenhouse,shopify
Canva,Greenhouse,canva
Reddit,Greenhouse,reddit
Rippling,Greenhouse,rippling
Pinterest,Greenhouse,pinterest
Scaleai,Greenhouse,scaleai
Yelp,Greenhouse,yelp
Lyft,Greenhouse,lyft
Uber,Greenhouse,uber
Doordash,Greenhouse,doordash
Github,Greenhouse,github
Stackadapt,Greenhouse,stackadapt
Benchling,Greenhouse,benchling
Mural,Greenhouse,mural
Skydio,Greenhouse,skydio
Gusto,Greenhouse,gusto
Bench,Greenhouse,bench
Bitgo,Greenhouse,bitgo
Blockdaemon,Greenhouse,blockdaemon
Samsara,Greenhouse,samsara
Checkr,Greenhouse,checkr
Coursera,Greenhouse,coursera
Apollo,Greenhouse,apollo
Algolia,Greenhouse,algolia
Grammarly,Greenhouse,grammarly
Loom,Greenhouse,loom
Shopify,Lever,shopify
Circleci,Lever,circleci
Digitalocean,Lever,digitalocean
Segment,Lever,segment
Zapier,Lever,zapier
Atlassian,Lever,atlassian
Buffer,Lever,buffer
Postman,Lever,postman
Sourcegraph,Lever,sourcegraph
Netlify,Lever,netlify
Vercel,Lever,vercel
Supabase,Lever,supabase
Render,Lever,render
Replit,Lever,replit
Planetscale,Lever,planetscale
Coder,Lever,coder
Temporal,Lever,temporal
Flyio,Lever,flyio
Prefect,Lever,prefect
Railway,Lever,railway
Hashnode,Lever,hashnode
Mattermost,Lever,mattermost
Konghq,Lever,konghq
Kong,Lever,kong
Airbyte,Lever,airbyte
Dbt,Lever,dbt
Lightstep,Lever,lightstep
Pulumi,Lever,pulumi
Temporalio,Lever,temporalio
Snyk,Lever,snyk
Apollo,Lever,apollo
Calendly,Lever,calendly
Retool,Lever,retool
Linear,Lever,linear
Mux,Lever,mux
Browserstack,Lever,browserstack
Chargebee,Lever,chargebee
Freshworks,Lever,freshworks
Clevertap,Lever,clevertap
Stripe,Greenhouse,stripe
Notion,Greenhouse,notion
Datadog,Greenhouse,datadog
Cloudflare,Greenhouse,cloudflare
Hashicorp,Greenhouse,hashicorp
Gitlab,Greenhouse,gitlab
Openai,Greenhouse,openai
Discord,Greenhouse,discord
Figma,Greenhouse,figma
Airtable,Greenhouse,airtable
Robinhood,Greenhouse,robinhood
Brex,Greenhouse,brex
Plaid,Greenhouse,plaid
Instacart,Greenhouse,instacart
Coinbase,Greenhouse,coinbase
Dropbox,Greenhouse,dropbox
Affirm,Greenhouse,affirm
Asana,Greenhouse,asana
Intercom,Greenhouse,intercom
Twilio,Greenhouse,twilio
Elastic,Greenhouse,elastic
Docker,Greenhouse,docker
Digitalocean,Greenhouse,digitalocean
Databricks,Greenhouse,databricks
Snowflake,Greenhouse,snowflake
Segment,Greenhouse,segment
Zapier,Greenhouse,zapier
Wise,Greenhouse,wise
Shopify,Greenhouse,shopify
Canva,Greenhouse,canva
Reddit,Greenhouse,reddit
Rippling,Greenhouse,rippling
Pinterest,Greenhouse,pinterest
Scaleai,Greenhouse,scaleai
Yelp,Greenhouse,yelp
Lyft,Greenhouse,lyft
Uber,Greenhouse,uber
Doordash,Greenhouse,doordash
Github,Greenhouse,github
Stackadapt,Greenhouse,stackadapt
Benchling,Greenhouse,benchling
Mural,Greenhouse,mural
Skydio,Greenhouse,skydio
Gusto,Greenhouse,gusto
Bench,Greenhouse,bench
Bitgo,Greenhouse,bitgo
Blockdaemon,Greenhouse,blockdaemon
Samsara,Greenhouse,samsara
Checkr,Greenhouse,checkr
Coursera,Greenhouse,coursera
Apollo,Greenhouse,apollo
Algolia,Greenhouse,algolia
Grammarly,Greenhouse,grammarly
Loom,Greenhouse,loom
Shopify,Lever,shopify
Circleci,Lever,circleci
Digitalocean,Lever,digitalocean
Segment,Lever,segment
Zapier,Lever,zapier
Atlassian,Lever,atlassian
Buffer,Lever,buffer
Postman,Lever,postman
Sourcegraph,Lever,sourcegraph
Netlify,Lever,netlify
Vercel,Lever,vercel
Supabase,Lever,supabase
Render,Lever,render
Replit,Lever,replit
Planetscale,Lever,planetscale
Coder,Lever,coder
Temporal,Lever,temporal
Flyio,Lever,flyio
Prefect,Lever,prefect
Railway,Lever,railway
Hashnode,Lever,hashnode
Mattermost,Lever,mattermost
Konghq,Lever,konghq
Kong,Lever,kong
Airbyte,Lever,airbyte
Dbt,Lever,dbt
Lightstep,Lever,lightstep
Pulumi,Lever,pulumi
Temporalio,Lever,temporalio
Snyk,Lever,snyk
Apollo,Lever,apollo
Calendly,Lever,calendly
Retool,Lever,retool
Linear,Lever,linear
Mux,Lever,mux
Browserstack,Lever,browserstack
Chargebee,Lever,chargebee
Freshworks,Lever,freshworks
Clevertap,Lever,clevertap
Stripe,Greenhouse,stripe
Notion,Greenhouse,notion
Datadog,Greenhouse,datadog
Cloudflare,Greenhouse,cloudflare
Hashicorp,Greenhouse,hashicorp
Gitlab,Greenhouse,gitlab
Openai,Greenhouse,openai
Discord,Greenhouse,discord
Figma,Greenhouse,figma
Airtable,Greenhouse,airtable
Robinhood,Greenhouse,robinhood
Brex,Greenhouse,brex
Plaid,Greenhouse,plaid
Instacart,Greenhouse,instacart
Coinbase,Greenhouse,coinbase
Dropbox,Greenhouse,dropbox
Affirm,Greenhouse,affirm
Asana,Greenhouse,asana
Intercom,Greenhouse,intercom
Twilio,Greenhouse,twilio
Elastic,Greenhouse,elastic
Docker,Greenhouse,docker
Digitalocean,Greenhouse,digitalocean
Databricks,Greenhouse,databricks
Snowflake,Greenhouse,snowflake
Segment,Greenhouse,segment
Zapier,Greenhouse,zapier
Wise,Greenhouse,wise
Shopify,Greenhouse,shopify
Canva,Greenhouse,canva
Reddit,Greenhouse,reddit
Rippling,Greenhouse,rippling
Pinterest,Greenhouse,pinterest
Scaleai,Greenhouse,scaleai
Yelp,Greenhouse,yelp
Lyft,Greenhouse,lyft
Uber,Greenhouse,uber
Doordash,Greenhouse,doordash
Github,Greenhouse,github
Stackadapt,Greenhouse,stackadapt
Benchling,Greenhouse,benchling
Mural,Greenhouse,mural
Skydio,Greenhouse,skydio
Gusto,Greenhouse,gusto
Bench,Greenhouse,bench
Bitgo,Greenhouse,bitgo
Blockdaemon,Greenhouse,blockdaemon
Samsara,Greenhouse,samsara
Checkr,Greenhouse,checkr
Coursera,Greenhouse,coursera
Apollo,Greenhouse,apollo
Algolia,Greenhouse,algolia
Grammarly,Greenhouse,grammarly
Loom,Greenhouse,loom
Shopify,Lever,shopify
Circleci,Lever,circleci
Digitalocean,Lever,digitalocean
Segment,Lever,segment
Zapier,Lever,zapier
Atlassian,Lever,atlassian
Buffer,Lever,buffer
Postman,Lever,postman
Sourcegraph,Lever,sourcegraph
Netlify,Lever,netlify
Vercel,Lever,vercel
Supabase,Lever,supabase
Render,Lever,render
Replit,Lever,replit
Planetscale,Lever,planetscale
Coder,Lever,coder
Temporal,Lever,temporal
Flyio,Lever,flyio
Prefect,Lever,prefect
Railway,Lever,railway
Hashnode,Lever,hashnode
Mattermost,Lever,mattermost
Konghq,Lever,konghq
Kong,Lever,kong
Airbyte,Lever,airbyte
Dbt,Lever,dbt
Lightstep,Lever,lightstep
Pulumi,Lever,pulumi
Temporalio,Lever,temporalio
Snyk,Lever,snyk
Apollo,Lever,apollo
Calendly,Lever,calendly
Retool,Lever,retool
Linear,Lever,linear
Mux,Lever,mux
Browserstack,Lever,browserstack
Chargebee,Lever,chargebee
Freshworks,Lever,freshworks
Clevertap,Lever,clevertap
Stripe,Greenhouse,stripe
Notion,Greenhouse,notion
Datadog,Greenhouse,datadog
Cloudflare,Greenhouse,cloudflare
Hashicorp,Greenhouse,hashicorp
Gitlab,Greenhouse,gitlab
Openai,Greenhouse,openai
Discord,Greenhouse,discord
Figma,Greenhouse,figma
Airtable,Greenhouse,airtable
Robinhood,Greenhouse,robinhood
Brex,Greenhouse,brex
Plaid,Greenhouse,plaid
Instacart,Greenhouse,instacart
Coinbase,Greenhouse,coinbase
Dropbox,Greenhouse,dropbox
Affirm,Greenhouse,affirm
Asana,Greenhouse,asana
Intercom,Greenhouse,intercom
Twilio,Greenhouse,twilio
Elastic,Greenhouse,elastic
Docker,Greenhouse,docker
Digitalocean,Greenhouse,digitalocean
Databricks,Greenhouse,databricks
Snowflake,Greenhouse,snowflake
Segment,Greenhouse,segment
Zapier,Greenhouse,zapier
Wise,Greenhouse,wise
Shopify,Greenhouse,shopify
Canva,Greenhouse,canva
Reddit,Greenhouse,reddit
Rippling,Greenhouse,rippling
Pinterest,Greenhouse,pinterest
Scaleai,Greenhouse,scaleai
Yelp,Greenhouse,yelp
Lyft,Greenhouse,lyft
Uber,Greenhouse,uber
Doordash,Greenhouse,doordash
Github,Greenhouse,github
Stackadapt,Greenhouse,stackadapt
Benchling,Greenhouse,benchling
Mural,Greenhouse,mural
Skydio,Greenhouse,skydio
Gusto,Greenhouse,gusto
Bench,Greenhouse,bench
Bitgo,Greenhouse,bitgo
Blockdaemon,Greenhouse,blockdaemon
Samsara,Greenhouse,samsara
Checkr,Greenhouse,checkr
Coursera,Greenhouse,coursera
Apollo,Greenhouse,apollo
Algolia,Greenhouse,algolia
Grammarly,Greenhouse,grammarly
Loom,Greenhouse,loom
Shopify,Lever,shopify
Circleci,Lever,circleci
Digitalocean,Lever,digitalocean
Segment,Lever,segment
Zapier,Lever,zapier
Atlassian,Lever,atlassian
Buffer,Lever,buffer
Postman,Lever,postman
Sourcegraph,Lever,sourcegraph
Netlify,Lever,netlify
Vercel,Lever,vercel
Supabase,Lever,supabase
Render,Lever,render
Replit,Lever,replit
Planetscale,Lever,planetscale
Coder,Lever,coder
Temporal,Lever,temporal
Flyio,Lever,flyio
Prefect,Lever,prefect
Railway,Lever,railway
Hashnode,Lever,hashnode
Mattermost,Lever,mattermost
Konghq,Lever,konghq
Kong,Lever,kong
Airbyte,Lever,airbyte
Dbt,Lever,dbt
Lightstep,Lever,lightstep
Pulumi,Lever,pulumi
Temporalio,Lever,temporalio
Snyk,Lever,snyk
Apollo,Lever,apollo
Calendly,Lever,calendly
Retool,Lever,retool
Linear,Lever,linear
Mux,Lever,mux
Browserstack,Lever,browserstack
Chargebee,Lever,chargebee
Freshworks,Lever,freshworks
Clevertap,Lever,clevertap
Stripe,Greenhouse,stripe
Notion,Greenhouse,notion
Datadog,Greenhouse,datadog
Cloudflare,Greenhouse,cloudflare
Hashicorp,Greenhouse,hashicorp
Gitlab,Greenhouse,gitlab
Openai,Greenhouse,openai
Discord,Greenhouse,discord
Figma,Greenhouse,figma
Airtable,Greenhouse,airtable
Robinhood,Greenhouse,robinhood
Brex,Greenhouse,brex
Plaid,Greenhouse,plaid
Instacart,Greenhouse,instacart
Coinbase,Greenhouse,coinbase
Dropbox,Greenhouse,dropbox
Affirm,Greenhouse,affirm
Asana,Greenhouse,asana
Intercom,Greenhouse,intercom
Twilio,Greenhouse,twilio
Elastic,Greenhouse,elastic
Docker,Greenhouse,docker
Digitalocean,Greenhouse,digitalocean
Databricks,Greenhouse,databricks
Snowflake,Greenhouse,snowflake
Segment,Greenhouse,segment
Zapier,Greenhouse,zapier
Wise,Greenhouse,wise
Shopify,Greenhouse,shopify
Canva,Greenhouse,canva
Reddit,Greenhouse,reddit
Rippling,Greenhouse,rippling
Pinterest,Greenhouse,pinterest
Scaleai,Greenhouse,scaleai
Yelp,Greenhouse,yelp
Lyft,Greenhouse,lyft
Uber,Greenhouse,uber
Doordash,Greenhouse,doordash
Github,Greenhouse,github
Stackadapt,Greenhouse,stackadapt
Benchling,Greenhouse,benchling
Mural,Greenhouse,mural
Skydio,Greenhouse,skydio
Gusto,Greenhouse,gusto
Bench,Greenhouse,bench
Bitgo,Greenhouse,bitgo
Blockdaemon,Greenhouse,blockdaemon
Samsara,Greenhouse,samsara
Checkr,Greenhouse,checkr
Coursera,Greenhouse,coursera
Apollo,Greenhouse,apollo
Algolia,Greenhouse,algolia
Grammarly,Greenhouse,grammarly
Loom,Greenhouse,loom
Shopify,Lever,shopify
Circleci,Lever,circleci
Digitalocean,Lever,digitalocean
Segment,Lever,segment
Zapier,Lever,zapier
Atlassian,Lever,atlassian
Buffer,Lever,buffer
Postman,Lever,postman
Sourcegraph,Lever,sourcegraph
Netlify,Lever,netlify
Vercel,Lever,vercel
Supabase,Lever,supabase
Render,Lever,render
Replit,Lever,replit
Planetscale,Lever,planetscale
Coder,Lever,coder
Temporal,Lever,temporal
Flyio,Lever,flyio
Prefect,Lever,prefect
Railway,Lever,railway
Hashnode,Lever,hashnode
Mattermost,Lever,mattermost
Konghq,Lever,konghq
Kong,Lever,kong
Airbyte,Lever,airbyte
Dbt,Lever,dbt
Lightstep,Lever,lightstep
Pulumi,Lever,pulumi
Temporalio,Lever,temporalio
Snyk,Lever,snyk
Apollo,Lever,apollo
Calendly,Lever,calendly
Retool,Lever,retool
Linear,Lever,linear
Mux,Lever,mux
Browserstack,Lever,browserstack
Chargebee,Lever,chargebee
Freshworks,Lever,freshworks
Clevertap,Lever,clevertap
Stripe,Greenhouse,stripe
Notion,Greenhouse,notion
Datadog,Greenhouse,datadog
Cloudflare,Greenhouse,cloudflare
Hashicorp,Greenhouse,hashicorp
Gitlab,Greenhouse,gitlab
Openai,Greenhouse,openai
Discord,Greenhouse,discord
Figma,Greenhouse,figma
Airtable,Greenhouse,airtable
Robinhood,Greenhouse,robinhood
Brex,Greenhouse,brex
Plaid,Greenhouse,plaid
Instacart,Greenhouse,instacart
Coinbase,Greenhouse,coinbase
Dropbox,Greenhouse,dropbox
Affirm,Greenhouse,affirm
Asana,Greenhouse,asana
Intercom,Greenhouse,intercom
Twilio,Greenhouse,twilio
Elastic,Greenhouse,elastic
Docker,Greenhouse,docker
Digitalocean,Greenhouse,digitalocean
Databricks,Greenhouse,databricks
Snowflake,Greenhouse,snowflake
Segment,Greenhouse,segment
Zapier,Greenhouse,zapier
Wise,Greenhouse,wise
Shopify,Greenhouse,shopify
Canva,Greenhouse,canva
Reddit,Greenhouse,reddit
Rippling,Greenhouse,rippling
Pinterest,Greenhouse,pinterest
Scaleai,Greenhouse,scaleai
Yelp,Greenhouse,yelp
Lyft,Greenhouse,lyft
Uber,Greenhouse,uber
Doordash,Greenhouse,doordash
Github,Greenhouse,github
Stackadapt,Greenhouse,stackadapt
Benchling,Greenhouse,benchling
Mural,Greenhouse,mural
Skydio,Greenhouse,skydio
Gusto,Greenhouse,gusto
Bench,Greenhouse,bench
Bitgo,Greenhouse,bitgo
Blockdaemon,Greenhouse,blockdaemon
Samsara,Greenhouse,samsara
Checkr,Greenhouse,checkr
Coursera,Greenhouse,coursera
Apollo,Greenhouse,apollo
Algolia,Greenhouse,algolia
Grammarly,Greenhouse,grammarly
Loom,Greenhouse,loom
Shopify,Lever,shopify
Circleci,Lever,circleci
Digitalocean,Lever,digitalocean
Segment,Lever,segment
Zapier,Lever,zapier
Atlassian,Lever,atlassian
Buffer,Lever,buffer
Postman,Lever,postman
Sourcegraph,Lever,sourcegraph
Netlify,Lever,netlify
Vercel,Lever,vercel
Supabase,Lever,supabase
Render,Lever,render
Replit,Lever,replit
Planetscale,Lever,planetscale
Coder,Lever,coder
Temporal,Lever,temporal
Flyio,Lever,flyio
Prefect,Lever,prefect
Railway,Lever,railway
Hashnode,Lever,hashnode
Mattermost,Lever,mattermost
Konghq,Lever,konghq
Kong,Lever,kong
Airbyte,Lever,airbyte
Dbt,Lever,dbt
Lightstep,Lever,lightstep
Pulumi,Lever,pulumi
Temporalio,Lever,temporalio
Snyk,Lever,snyk
Apollo,Lever,apollo
Calendly,Lever,calendly
Retool,Lever,retool
Linear,Lever,linear
Mux,Lever,mux
Browserstack,Lever,browserstack
Chargebee,Lever,chargebee
Freshworks,Lever,freshworks
Clevertap,Lever,clevertap
Stripe,Greenhouse,stripe
Notion,Greenhouse,notion
Datadog,Greenhouse,datadog
Cloudflare,Greenhouse,cloudflare
Hashicorp,Greenhouse,hashicorp
Gitlab,Greenhouse,gitlab
Openai,Greenhouse,openai
Discord,Greenhouse,discord
Figma,Greenhouse,figma
Airtable,Greenhouse,airtable
Robinhood,Greenhouse,robinhood
Brex,Greenhouse,brex
Plaid,Greenhouse,plaid
Instacart,Greenhouse,instacart
Coinbase,Greenhouse,coinbase
Dropbox,Greenhouse,dropbox
Affirm,Greenhouse,affirm
Asana,Greenhouse,asana
Intercom,Greenhouse,intercom
Twilio,Greenhouse,twilio
Elastic,Greenhouse,elastic
Docker,Greenhouse,docker
Digitalocean,Greenhouse,digitalocean
Databricks,Greenhouse,databricks
Snowflake,Greenhouse,snowflake
Segment,Greenhouse,segment
Zapier,Greenhouse,zapier
Wise,Greenhouse,wise
Shopify,Greenhouse,shopify
Canva,Greenhouse,canva
Reddit,Greenhouse,reddit
Rippling,Greenhouse,rippling
Pinterest,Greenhouse,pinterest
Scaleai,Greenhouse,scaleai
Yelp,Greenhouse,yelp
Lyft,Greenhouse,lyft
Uber,Greenhouse,uber
Doordash,Greenhouse,doordash
Github,Greenhouse,github
Stackadapt,Greenhouse,stackadapt
Benchling,Greenhouse,benchling
Mural,Greenhouse,mural
Skydio,Greenhouse,skydio
Gusto,Greenhouse,gusto
Bench,Greenhouse,bench
Bitgo,Greenhouse,bitgo
Blockdaemon,Greenhouse,blockdaemon
Samsara,Greenhouse,samsara
Checkr,Greenhouse,checkr
Coursera,Greenhouse,coursera
Apollo,Greenhouse,apollo
Algolia,Greenhouse,algolia
Grammarly,Greenhouse,grammarly
Loom,Greenhouse,loom
Shopify,Lever,shopify
Circleci,Lever,circleci
Digitalocean,Lever,digitalocean
Segment,Lever,segment
Zapier,Lever,zapier
Atlassian,Lever,atlassian
Buffer,Lever,buffer
Postman,Lever,postman
Sourcegraph,Lever,sourcegraph
Netlify,Lever,netlify
Vercel,Lever,vercel
Supabase,Lever,supabase
Render,Lever,render
Replit,Lever,replit
Planetscale,Lever,planetscale
Coder,Lever,coder
Temporal,Lever,temporal
Flyio,Lever,flyio
Prefect,Lever,prefect
Railway,Lever,railway
Hashnode,Lever,hashnode
Mattermost,Lever,mattermost
Konghq,Lever,konghq
Kong,Lever,kong
Airbyte,Lever,airbyte
Dbt,Lever,dbt
Lightstep,Lever,lightstep
Pulumi,Lever,pulumi
Temporalio,Lever,temporalio
Snyk,Lever,snyk
Apollo,Lever,apollo
Calendly,Lever,calendly
Retool,Lever,retool
Linear,Lever,linear
Mux,Lever,mux
Browserstack,Lever,browserstack
Chargebee,Lever,chargebee
Freshworks,Lever,freshworks
Clevertap,Lever,clevertap
Stripe,Greenhouse,stripe
Notion,Greenhouse,notion
Datadog,Greenhouse,datadog
Cloudflare,Greenhouse,cloudflare
Hashicorp,Greenhouse,hashicorp
Gitlab,Greenhouse,gitlab
Openai,Greenhouse,openai
Discord,Greenhouse,discord
Figma,Greenhouse,figma
Airtable,Greenhouse,airtable
Robinhood,Greenhouse,robinhood
Brex,Greenhouse,brex
Plaid,Greenhouse,plaid
Instacart,Greenhouse,instacart
Coinbase,Greenhouse,coinbase
Dropbox,Greenhouse,dropbox
Affirm,Greenhouse,affirm
Asana,Greenhouse,asana
Intercom,Greenhouse,intercom
Twilio,Greenhouse,twilio
Elastic,Greenhouse,elastic
Docker,Greenhouse,docker
Digitalocean,Greenhouse,digitalocean
Databricks,Greenhouse,databricks
Snowflake,Greenhouse,snowflake
Segment,Greenhouse,segment
Zapier,Greenhouse,zapier
Wise,Greenhouse,wise
Shopify,Greenhouse,shopify
Canva,Greenhouse,canva
Reddit,Greenhouse,reddit
Rippling,Greenhouse,rippling
Pinterest,Greenhouse,pinterest
Scaleai,Greenhouse,scaleai
Yelp,Greenhouse,yelp
Lyft,Greenhouse,lyft
Uber,Greenhouse,uber
Doordash,Greenhouse,doordash
Github,Greenhouse,github
Stackadapt,Greenhouse,stackadapt
Benchling,Greenhouse,benchling
Mural,Greenhouse,mural
Skydio,Greenhouse,skydio
Gusto,Greenhouse,gusto
Bench,Greenhouse,bench
Bitgo,Greenhouse,bitgo
Blockdaemon,Greenhouse,blockdaemon
Samsara,Greenhouse,samsara
Checkr,Greenhouse,checkr
Coursera,Greenhouse,coursera
Apollo,Greenhouse,apollo
Algolia,Greenhouse,algolia
Grammarly,Greenhouse,grammarly
Loom,Greenhouse,loom
Shopify,Lever,shopify
Circleci,Lever,circleci
Digitalocean,Lever,digitalocean
Segment,Lever,segment
Zapier,Lever,zapier
Atlassian,Lever,atlassian
Buffer,Lever,buffer
Postman,Lever,postman
Sourcegraph,Lever,sourcegraph
Netlify,Lever,netlify
Vercel,Lever,vercel
Supabase,Lever,supabase
Render,Lever,render
Replit,Lever,replit
Planetscale,Lever,planetscale
Coder,Lever,coder
Temporal,Lever,temporal
Flyio,Lever,flyio
Prefect,Lever,prefect
Railway,Lever,railway
Hashnode,Lever,hashnode
Mattermost,Lever,mattermost
Konghq,Lever,konghq
Kong,Lever,kong
Airbyte,Lever,airbyte
Dbt,Lever,dbt
Lightstep,Lever,lightstep
Pulumi,Lever,pulumi
Temporalio,Lever,temporalio
Snyk,Lever,snyk
Apollo,Lever,apollo
Calendly,Lever,calendly
Retool,Lever,retool
Linear,Lever,linear
Mux,Lever,mux
Browserstack,Lever,browserstack
Chargebee,Lever,chargebee
Freshworks,Lever,freshworks
Clevertap,Lever,clevertap
Stripe,Greenhouse,stripe
Notion,Greenhouse,notion
Datadog,Greenhouse,datadog
Cloudflare,Greenhouse,cloudflare
Hashicorp,Greenhouse,hashicorp
Gitlab,Greenhouse,gitlab
Openai,Greenhouse,openai
Discord,Greenhouse,discord
Figma,Greenhouse,figma
Airtable,Greenhouse,airtable
Robinhood,Greenhouse,robinhood
Brex,Greenhouse,brex
Plaid,Greenhouse,plaid
Instacart,Greenhouse,instacart
Coinbase,Greenhouse,coinbase
Dropbox,Greenhouse,dropbox
Affirm,Greenhouse,affirm
Asana,Greenhouse,asana
Intercom,Greenhouse,intercom
Twilio,Greenhouse,twilio
Elastic,Greenhouse,elastic
Docker,Greenhouse,docker
Digitalocean,Greenhouse,digitalocean
Databricks,Greenhouse,databricks
Snowflake,Greenhouse,snowflake
Segment,Greenhouse,segment
Zapier,Greenhouse,zapier
Wise,Greenhouse,wise
Shopify,Greenhouse,shopify
Canva,Greenhouse,canva
Reddit,Greenhouse,reddit
Rippling,Greenhouse,rippling
Pinterest,Greenhouse,pinterest
Scaleai,Greenhouse,scaleai
Yelp,Greenhouse,yelp
Lyft,Greenhouse,lyft
Uber,Greenhouse,uber
Doordash,Greenhouse,doordash
Github,Greenhouse,github
Stackadapt,Greenhouse,stackadapt
Benchling,Greenhouse,benchling
Mural,Greenhouse,mural
Skydio,Greenhouse,skydio
Gusto,Greenhouse,gusto
Bench,Greenhouse,bench
Bitgo,Greenhouse,bitgo
Blockdaemon,Greenhouse,blockdaemon
Samsara,Greenhouse,samsara
Checkr,Greenhouse,checkr
Coursera,Greenhouse,coursera
Apollo,Greenhouse,apollo
Algolia,Greenhouse,algolia
Grammarly,Greenhouse,grammarly
Loom,Greenhouse,loom
Shopify,Lever,shopify
Circleci,Lever,circleci
Digitalocean,Lever,digitalocean
Segment,Lever,segment
Zapier,Lever,zapier
Atlassian,Lever,atlassian
Buffer,Lever,buffer
Postman,Lever,postman
Sourcegraph,Lever,sourcegraph
Netlify,Lever,netlify
Vercel,Lever,vercel
Supabase,Lever,supabase
Render,Lever,render
Replit,Lever,replit
Planetscale,Lever,planetscale
Coder,Lever,coder
Temporal,Lever,temporal
Flyio,Lever,flyio
Prefect,Lever,prefect
Railway,Lever,railway
Hashnode,Lever,hashnode
Mattermost,Lever,mattermost
Konghq,Lever,konghq
Kong,Lever,kong
Airbyte,Lever,airbyte
Dbt,Lever,dbt
Lightstep,Lever,lightstep
Pulumi,Lever,pulumi
Temporalio,Lever,temporalio
Snyk,Lever,snyk
Apollo,Lever,apollo
Calendly,Lever,calendly
Retool,Lever,retool
Linear,Lever,linear
Mux,Lever,mux
Browserstack,Lever,browserstack
Chargebee,Lever,chargebee
Freshworks,Lever,freshworks
Clevertap,Lever,clevertap
Stripe,Greenhouse,stripe
Notion,Greenhouse,notion
Datadog,Greenhouse,datadog
Cloudflare,Greenhouse,cloudflare
Hashicorp,Greenhouse,hashicorp
Gitlab,Greenhouse,gitlab
Openai,Greenhouse,openai
Discord,Greenhouse,discord
Figma,Greenhouse,figma
Airtable,Greenhouse,airtable
Robinhood,Greenhouse,robinhood
Brex,Greenhouse,brex
Plaid,Greenhouse,plaid
Instacart,Greenhouse,instacart
Coinbase,Greenhouse,coinbase
Dropbox,Greenhouse,dropbox
Affirm,Greenhouse,affirm
Asana,Greenhouse,asana
Intercom,Greenhouse,intercom
Twilio,Greenhouse,twilio
Elastic,Greenhouse,elastic
Docker,Greenhouse,docker
Digitalocean,Greenhouse,digitalocean
Databricks,Greenhouse,databricks
Snowflake,Greenhouse,snowflake
Segment,Greenhouse,segment
Zapier,Greenhouse,zapier
Wise,Greenhouse,wise
Shopify,Greenhouse,shopify
Canva,Greenhouse,canva
Reddit,Greenhouse,reddit
Rippling,Greenhouse,rippling
Pinterest,Greenhouse,pinterest
Scaleai,Greenhouse,scaleai
Yelp,Greenhouse,yelp
Lyft,Greenhouse,lyft
Uber,Greenhouse,uber
Doordash,Greenhouse,doordash
Github,Greenhouse,github
Stackadapt,Greenhouse,stackadapt
Benchling,Greenhouse,benchling
Mural,Greenhouse,mural
Skydio,Greenhouse,skydio
Gusto,Greenhouse,gusto
Bench,Greenhouse,bench
Bitgo,Greenhouse,bitgo
Blockdaemon,Greenhouse,blockdaemon
Samsara,Greenhouse,samsara
Checkr,Greenhouse,checkr
Coursera,Greenhouse,coursera
Apollo,Greenhouse,apollo
Algolia,Greenhouse,algolia
Grammarly,Greenhouse,grammarly
Loom,Greenhouse,loom
Shopify,Lever,shopify
Circleci,Lever,circleci
Digitalocean,Lever,digitalocean
Segment,Lever,segment
Zapier,Lever,zapier
Atlassian,Lever,atlassian
Buffer,Lever,buffer
Postman,Lever,postman
Sourcegraph,Lever,sourcegraph
Netlify,Lever,netlify
Vercel,Lever,vercel
Supabase,Lever,supabase
Render,Lever,render
Replit,Lever,replit
Planetscale,Lever,planetscale
Coder,Lever,coder
Temporal,Lever,temporal
Flyio,Lever,flyio
Prefect,Lever,prefect
Railway,Lever,railway
Hashnode,Lever,hashnode
Mattermost,Lever,mattermost
Konghq,Lever,konghq
Kong,Lever,kong
Airbyte,Lever,airbyte
Dbt,Lever,dbt
Lightstep,Lever,lightstep
Pulumi,Lever,pulumi
Temporalio,Lever,temporalio
Snyk,Lever,snyk
Apollo,Lever,apollo
Calendly,Lever,calendly
Retool,Lever,retool
Linear,Lever,linear
Mux,Lever,mux
Browserstack,Lever,browserstack
Chargebee,Lever,chargebee
Freshworks,Lever,freshworks
Clevertap,Lever,clevertap
Stripe,Greenhouse,stripe
Notion,Greenhouse,notion
Datadog,Greenhouse,datadog
Cloudflare,Greenhouse,cloudflare
Hashicorp,Greenhouse,hashicorp
Gitlab,Greenhouse,gitlab
Openai,Greenhouse,openai
Discord,Greenhouse,discord
Figma,Greenhouse,figma
Airtable,Greenhouse,airtable
Robinhood,Greenhouse,robinhood
Brex,Greenhouse,brex
Plaid,Greenhouse,plaid
Instacart,Greenhouse,instacart
Coinbase,Greenhouse,coinbase
Dropbox,Greenhouse,dropbox
Affirm,Greenhouse,affirm
Asana,Greenhouse,asana
Intercom,Greenhouse,intercom
Twilio,Greenhouse,twilio
Elastic,Greenhouse,elastic
Docker,Greenhouse,docker
Digitalocean,Greenhouse,digitalocean
Databricks,Greenhouse,databricks
Snowflake,Greenhouse,snowflake
Segment,Greenhouse,segment
Zapier,Greenhouse,zapier
Wise,Greenhouse,wise
Shopify,Greenhouse,shopify
Canva,Greenhouse,canva
Reddit,Greenhouse,reddit
Rippling,Greenhouse,rippling
Pinterest,Greenhouse,pinterest
Scaleai,Greenhouse,scaleai
Yelp,Greenhouse,yelp
Lyft,Greenhouse,lyft
Uber,Greenhouse,uber
Doordash,Greenhouse,doordash
Github,Greenhouse,github
Stackadapt,Greenhouse,stackadapt
Benchling,Greenhouse,benchling
Mural,Greenhouse,mural
Skydio,Greenhouse,skydio
Gusto,Greenhouse,gusto
Bench,Greenhouse,bench
Bitgo,Greenhouse,bitgo
Blockdaemon,Greenhouse,blockdaemon
Samsara,Greenhouse,samsara
Checkr,Greenhouse,checkr
Coursera,Greenhouse,coursera
Apollo,Greenhouse,apollo
Algolia,Greenhouse,algolia
Grammarly,Greenhouse,grammarly
Loom,Greenhouse,loom
Shopify,Lever,shopify
Circleci,Lever,circleci
Digitalocean,Lever,digitalocean
Segment,Lever,segment
Zapier,Lever,zapier
Atlassian,Lever,atlassian
Buffer,Lever,buffer
Postman,Lever,postman
Sourcegraph,Lever,sourcegraph
Netlify,Lever,netlify
Vercel,Lever,vercel
Supabase,Lever,supabase
Render,Lever,render
Replit,Lever,replit
Planetscale,Lever,planetscale
Coder,Lever,coder
Temporal,Lever,temporal
Flyio,Lever,flyio
Prefect,Lever,prefect
Railway,Lever,railway
Hashnode,Lever,hashnode
Mattermost,Lever,mattermost
Konghq,Lever,konghq
Kong,Lever,kong
Airbyte,Lever,airbyte
Dbt,Lever,dbt
Lightstep,Lever,lightstep
Pulumi,Lever,pulumi
Temporalio,Lever,temporalio
Snyk,Lever,snyk
Apollo,Lever,apollo
Calendly,Lever,calendly
Retool,Lever,retool
Linear,Lever,linear
Mux,Lever,mux
Browserstack,Lever,browserstack
Chargebee,Lever,chargebee
Freshworks,Lever,freshworks
Clevertap,Lever,clevertap
